question,answer
大学老师讲课节奏快、内容多，跟不上怎么办？,课前预习课件，课中抓重点记录，课后用慕课补薄弱点。
知识点还没消化就翻页该怎么调整？,课前标重点，课上记核心，当天复盘，找助教答疑。
大学教的内容和高中差距大，听课像听天书，是不是大家刚开始都这样？,是普遍现象，大学重逻辑应用，多交流、用 AI 辅助即可适应。
除了上课，该如何自学？,用费曼学习法、番茄工作法，多去图书馆高效自学。
有效率的学习方法有哪些？,固定每日 3 件核心任务，远离手机，先学 10 分钟启动状态。
如何高效地做课堂笔记？,理工科用电子笔记方便公式编辑，文科可用纸质加深记忆。
电子笔记还是纸质笔记好？,理工科优先电子，文科优先纸质，按个人习惯搭配即可。
没人督促，如何培养自律和自主学习的能力？,制定每日任务，手机远离桌面，坚持每日小量学习。
看周围同学都在拼命学，自己还摸不清门道，学习第一步该怎么做？,先吃透培养方案、绩点、考核规则，优先学好高数、英语、核心课。
大学的考核方式（平时分、论文、考试）是怎样的？,由平时成绩 + 期末成绩构成，平时看考勤作业课堂，期末按标准阅卷。
如何拿到高分？,抓平时分，论文重结构不抄袭，期末刷真题、练例题。
各科的考试评分流程标准是什么？,平时分 + 期末分按比例合成，60 分及格，客观题机阅、主观题按点给分。
什么是学分和绩点（GPA）？,学分是毕业权重，绩点是学习成绩的量化排名。
它们对评奖评优、保研有何影响？,绩点决定综测高低，影响评奖评优，保研主要看绩点。
大一成绩对保研挺关键，期中考得不太理想，后面还有机会补救吗？,可以补救，保研看总评，期末考好就能把分数拉回。
有些课感觉内容比较 “水”，不听怕漏点名，听了又觉得耗时间，该怎么取舍？,点名严就去上课，不点名可在课堂背单词、刷题，不违纪即可。
如何培养独立思考和批判性思维能力？,多问为什么、查证依据，理性讨论，不盲目接受结论。
培养方案是什么？,是大学四年必须修完的课程、学分、毕业要求总清单。
必修课、选修课、通识课有什么区别？,必修必须过，选修专业内自选，通识全校任选拓视野。
如何查询自己的培养方案？,登录智慧教务→培养计划→培养方案查看。
选课系统的操作流程是怎样的？,登录智慧教务→志愿选课→填志愿→抽签→补退选→核对课表。
选课的模式是什么？,以志愿抽签为主，补退选阶段先到先得。
有什么选课策略或 “抢课” 技巧？,正选多填志愿服从调剂，补退选准点蹲守，问学长学姐避坑。
选修课、体育课该怎么选？,选修课选高分好过，体育课选擅长、易拿分项目。
选课听了很多学长学姐的建议反而更乱，到底哪些课值得选？,按给分友好、任务轻、不折腾这三个标准选课，优先保绩点。
怎么查各个老师的评分？,问直系学长学姐，看评教系统，查校内表白墙与群口碑。
如果对专业不满意，转专业的流程、要求和难度是怎样的？,转出无门槛，转入看考核，仅限一次机会，GPA 越高越稳。
重大转专业具体政策和流程是什么？,每年 2.22-3.1 申请，3 月考核公示，强基、艺术等类别受限。
哪些专业有特殊的学制或培养模式？,五年制：建筑、城乡规划、临床、中外合作电气 / 机械；中外合作双学位；强基、卓越计划特殊培养。
图书馆的馆藏资源、数据库和空间应该如何有效利用？,纸质书按索书号借阅，数据库校园网免费使用，座位提前线上预约。
图书馆有几个？,共 4 个：虎溪、A 区理工、B 区建筑、C 区人文社科。
图书馆开放时间是？,每天 8:00–22:00 开放。
如何借书、预约自习座位？,刷校园卡自助借还，在图书馆公众号预约自习座位。
图书馆的馆藏资源如何访问？,在图书馆官网 / 公众号检索，凭校园卡到馆借阅。
电子数据库怎么用？,校园网内直接使用，校外通过 VPN/CARSI 登录。
学校有哪些高质量的在线学习资源或数据库？,学术：知网、万方、IEEE、EI；课程：中国大学 MOOC、学堂在线；外语：新东方数据库。
遇到学习难题，除了问同学，还可以向谁求助？,专业课问老师助教，科研问导师，经验问学长，心态找辅导员。
如果学习遇到困难，学校有哪些学业帮扶措施？,有课程答疑、朋辈辅导、学业导师、预警帮扶、线上资源等。
学校是否举办关于学习方法的讲座，比如四六级备考经验分享？,有，常举办四六级、高数、学习方法类线下 + 线上讲座。
怎么找学习搭子？,在班级群询问，图书馆主动搭话，加入学习打卡群。
大学英语四六级什么时候考？,每年 6 月和 12 月各一次。
如何备考四六级？,刷真题、背单词、练听力，3 月中下旬在学校报名。
如果想出国，托福、雅思、GRE 应该从什么时候开始准备？,大一背单词，大二考雅思 / 托福，大三考 GRE，大四申请。
英语分级考试是什么？,开学英语摸底考试，按成绩分 1、2、3 级英语班。
英语分级考试影响什么？,只影响英语课进度和四级考试时间，不影响绩点、评奖、毕业。
大学期间有哪些值得考的、对未来有帮助的证书？,必考：四六级、计算机二级、普通话、教资、驾照，再考专业相关证书。
宿舍是几人间？,全部为 4 人间。
床铺尺寸多大？,尺寸约 1.9m×0.9m。
是 “上床下桌” 吗？,是，统一上床下桌布局。
宿舍内是否有独立卫浴、阳台、空调、热水器？,全部配备独立卫浴、阳台、空调、热水器。
宿舍楼的公共设施有哪些？,每层有自习室、饮水机、微波炉，每栋有洗衣房、电梯。
宿舍的门禁时间是几点？,工作日 23:30，周末 24:00 关门。
晚归了怎么办？,晚归需要登记，提前向辅导员报备最稳妥。
如何缴纳水电费？,在重大后勤 / 虎溪公众号填写寝室号缴纳。
网络如何办理和开通？,在今日校园 /i 重大开通，账号学号，密码身份证后 6 位。
宿舍用电有哪些限制？,电脑手机可正常使用，禁止加热类大功率电器。
饮用水是使用饮水机供应，还是需前往水房取用？,寝室标配饮水机，无集中水房。
如何购买桶装水？,拨打饮水机上送水电话，报楼栋寝室号，18 点前下单当日送达。
学校的食堂、澡堂、校医院、体育馆、快递点都在哪里？,各校区均有分布，具体位置以校园指引为准。
食堂、澡堂、校医院、体育馆、快递点开放时间是什么？,食堂 7:00-22:00，澡堂 15:00-23:00，校医院工作日白天，体育馆 9:00-22:00，快递 9:00-18:00。
学校的 A、B、C 区和虎溪校区各有什么特点和主要学院分布？,虎溪：新生为主；A 区：行政 + 高年级；B 区：建筑土木；C 区：医学。
校园内有哪些超市、书店、银行网点？,各校区均有超市、书店、银行 ATM 及营业网点。
各个校区都有哪些食堂？各自的特色美食是什么？,虎溪小吃多，A 区猪脚饭，B 区叉烧饭，C 区重庆小面。
学校的体育设施如何预约使用？,在今日校园 / 公众号预约，室内需预约，室外直接使用。
虎溪校区的 “云湖” 和 “缙湖” 可以钓鱼吗？,不可以钓鱼，仅校园捕捞节期间开放。
校园里有哪些适合散步、跑步的路线？,虎溪环湖路线、校园主路最适合散步跑步。
校园卡丢了怎么办？,立即线上 / 线下挂失，带身份证到松园六栋或自助机补办。
校园卡如何充值、挂失？,在重大财小通、农行 APP 线上充值，或在自助机充值。
校园卡补办流程复杂吗？,流程简单，挂失后办理，新卡立取，余额自动转入。
校园卡是否可以用于乘坐重庆市公共交通？,普通卡不行，办理畅通校园卡可刷公交地铁享 9 折。
连接各大校区的 “小蓝” 校际大巴车的时刻表和经停点在哪？,虎溪↔沙坪坝，经停 C 区、B 区、A 区，工作日多班次。
虎溪校区内的 “小白” 电瓶车如何乘坐？,招手即停，1 元 / 次，覆盖宿舍、教学楼、图书馆、校门。
学校附近有哪些地铁站和公交枢纽？,虎溪近 1 号线大学城站，沙坪坝近环线重庆大学站。
从家到学校，最推荐的交通路线是什么？,高铁到重庆北 / 西→地铁到校，飞机转地铁，开学季坐迎新大巴。
如何合理规划一个月的生活费？,生活费到账先存 20%，以食堂为主，少点外卖，理性消费。
室友经常约饭买潮牌，如何做到不跟风？,按自己预算消费，不攀比，学会合理拒绝。
学校内外有哪些性价比高的美食？,校内食堂 6-15 元，校外熙街 10-30 元，性价比高。
校内外有哪些物美价廉的餐饮选择？,以食堂就餐为主，偶尔校外改善，月餐费可控制在 900 元内。
食堂吃来吃去就那几样，点外卖开销又大，该怎么解决日常就餐问题？,多换食堂窗口，外卖仅作为偶尔奖励，不做日常。
能否推荐一些学校周边性价比高、适合同学聚餐的 “江湖菜” 馆子？,瑞记江湖菜、阿嫂印象、打火兄弟、遇疆兰、宋氏鸡公煲。
在重庆吃火锅，有哪些需要知道的 “潜规则”？,不能吃辣点微微辣 / 鸳鸯锅，毛肚鸭肠七上八下，素菜最后下。
油碟怎么打？,香油 + 蒜泥 + 盐 + 味精 + 少许醋，不加芝麻酱、花生酱。
洗衣、打扫卫生等内务如何安排？,个人内务固定时间完成，公共卫生轮流值日。
如何与室友协商公共区域卫生？,提前沟通约定规则，谁弄脏谁收拾，保持和睦。
重庆夏天需要自备小风扇吗？,必须自备，重庆夏季炎热。
“雾都” 重庆冬天湿冷，需要准备羽绒服还是大衣？,必须准备羽绒服，大衣不抗湿冷。
宿舍需要除湿袋吗？,必须多备，重庆潮湿，衣服墙壁易返潮。
重庆话听起来像 “外语”，沟通有障碍怎么办？,学校通用普通话，重庆话几天就能适应，不影响生活。
学校会教重庆话吗？,学校不会专门教学重庆话。
重庆这种多雨、潮湿的天气里，衣服不容易干怎么办？,用风扇吹风、放置除湿袋，小工具即可加快晾干。
周末想去市区或周边玩，交通和花费大概是多少？,地铁可达，花费根据项目而定，建议提前规划。
学校周边有哪些大型购物中心或商业街？,沙坪坝商圈、大学城熙街。
除了室友，该如何认识新朋友，扩大自己的社交圈？,参加社团、志愿活动、讲座、兴趣小组。
如何与来自天南海北、习惯各异的室友和睦相处？,尊重差异，主动沟通，共同制定宿舍规则。
和室友作息时间、生活习惯冲突怎么办？,制定宿舍公约，使用耳塞，必要时请辅导员协调。
舍友晚上玩游戏声音大，休息受影响，又不想把关系搞僵，有什么好办法？,友好提醒约定安静时间，使用耳塞，或请宿管协调。
怎样与舍友和谐相处？,主动沟通、尊重边界，发生矛盾及时理性解决。
若发生矛盾，有哪些求助途径？,可找宿管、辅导员、学校心理咨询中心调解。
如何与班级同学、学长学姐、老师进行有效沟通？,主动打招呼，礼貌提问，常说谢谢，保持联系。
和辅导员接触不多，遇到问题不太确定该找谁问？,先问班长、导生，也可以直接联系辅导员咨询。
校园里常看到 “捞人” 帖，想认识人又怕只是随便聊聊，该怎么自然地开始一段关系？,从共同兴趣切入，点赞评论，真诚问候开场。
怎么找男女朋友？,多参加活动，提升自己，顺其自然，不强求。
大学里的恋爱是怎样的？,更成熟自由，需要平衡感情、学业与生活。
大学里的恋爱关系和处理方式与高中有什么不同？,大学更独立，看重责任与规划，和高中节奏不同。
如何处理感情问题？,理性沟通，不影响学习，必要时向信任的人求助。
社团和学生组织那么多，应该如何选择？,按兴趣、时间、未来发展选择，建议 1-2 个为主。
参加几个社团合适？,参加 1-2 个最合适，避免影响学习。
学校有哪些知名的社团和学生组织？,学生会、青协、艺术团、辩论队等。
何时可以加入社团？,在百团大战期间招新。
加入社团能获得什么？,提升能力、结交朋友、丰富经历、拓展视野。
如果发现社团不适合，如何优雅地退出？,礼貌向负责人说明原因，即可正常退出。
在社团 / 学生组织中，如何从一个小透明成长为骨干？,主动承担任务，积极沟通，认真负责，多参与多展示。
学生会、校团委进哪个好？,学生会偏活动组织，校团委偏思想与事务，看兴趣选择。
参加社团和学生工作会不会影响学习？,会占用时间，合理安排即可平衡。
社团活动一个接一个，作业都来不及写，该怎么平衡时间？,划分任务优先级，必要时减少社团活动。
想尝试班委竞选，可一想到要上台就紧张，也怕选不上丢面子，怎么鼓起勇气？,紧张很正常，提前准备讲稿，真诚表达，结果不重要。
当班委有什么好处？,锻炼能力，加强师生联系，评优评奖有优势。
如何平衡学习、社团活动、娱乐和休息的时间？,使用时间管理工具，设定优先级，留出休息缓冲时间。
感觉时间很零碎，如何利用好碎片化时间？,背单词、听讲座、整理笔记、看学习类短视频。
总是拖延，任务堆到最后一刻，怎么办？,分解任务，设定小目标，用番茄钟法，拒绝完美主义。
如果感觉时间管理混乱，总是 “摸鱼”，有什么好的方法或工具推荐？,用每日计划 + 四象限法则，搭配番茄工作法与专注类 APP。
每天好像做了不少事，但回想起来又觉得空落落的，该如何调整？,每日复盘，记录有价值的事，设定目标，减少无效刷手机。
来到新环境，感到孤独、想家，情绪低落怎么办？,多和家人视频，结交朋友，参加活动，严重可预约心理咨询。
有时候特别想家，又不想让爸妈担心，该如何缓解？,多分享校园日常报平安，充实生活，转移注意力。
周围同学都很优秀，感到自卑和焦虑，如何调整心态？,关注自身进步，记录小成就，把压力转化为学习动力。
感觉身边的同学都很优秀，自己很平庸，很有压力怎么办？,跟同学请教方法，专注自己节奏，接受慢慢成长。
大学好像没有想象中那么美好，有落差感，如何应对？,寻找校园小美好，设定小目标，和学长学姐交流。
感觉迷茫，失去了目标，找不到努力的方向怎么办？,多尝试、多体验，找辅导员、老师、职业规划师沟通。
学校的心理健康咨询中心在哪里？,A 区在 7 栋旁，虎溪在梅园 5 栋楼下。
学校的心理健康咨询中心如何预约？,电话预约、现场预约，也可在公众号线上预约。
如果感到心理不适，该如何寻求帮助？,先找辅导员，再联系心理咨询中心，所有咨询严格保密。
辅导员和班导有什么区别？,辅导员负责日常管理，班导负责学业专业指导。
辅导员和班导分别负责什么？,辅导员管思想、奖助、心理；班导管学习、科研、专业方向。
学校的奖惩制度是怎样的？,奖励含奖学金、荣誉；惩处从警告到开除学籍。
如何申请奖学金、助学金？,按成绩与综测申请，助学金需家庭经济困难认定。
申请奖学金、助学金的条件和流程是什么？,满足成绩 / 困难条件，在学工系统填写申请并提交材料。
如何申请国家助学贷款？,每年秋季学期申请，走国开行或生源地渠道，咨询辅导员。
学校提供了哪些勤工助学的岗位？,图书馆、实验室、行政助理、食堂、辅导员助理等。
请假的具体流程是什么？,向辅导员说明，填写假条，按天数审批，返校及时销假。
军训的评优要求是什么？,看出勤率、训练表现、内务、团队协作，由教官评定。
校园跑的要求是什么？,每学期男生 80 公里，女生 60 公里，用运动世界校园 APP 记录。
体测 800 米很久没练了，担心不及格该怎么办？,提前几周训练，每周 2-3 次，身体不适可申请缓测。
学校安排的一些活动，像晨练、线上学习，能不能稍微放松点完成？,建议认真完成，计入综测，影响评奖，有困难找辅导员。
新生入学体检的具体时间、地点和流程是怎样的？,开学初在校医院进行，领表→检查→交表，需空腹抽血。
重大晨曦计划是什么？,面向新生的晨读晨练活动，培养作息，部分学院有学分 / 综测。
重大的入党流程是什么？,申请书→推优→积极分子→发展对象→预备党员→转正。
校园内有哪些需要注意的安全事项？,防盗随手锁门，防骗不转账不透信息，夜间尽量结伴。
被诈骗了怎么办？,立即拨打校园报警电话，保存证据，联系辅导员，必要时打 110。
校园报警点和报警电话是多少？,A 区 65102110，B 区 65120110，C 区 65118110，虎溪 65678110。
学校近期是否组织了新生安全教育讲座？主要内容是什么？,开学初由保卫处组织，讲防诈骗、消防安全、交通安全。
生病了如何去校医院或校外医院看病？,校医院持卡直接就诊，校外需转诊单，保留发票报销。
医保怎么用？,在校医院直接结算，校外按学校规定流程报销。
校医院在哪里？,各校区校内均有，虎溪校区在梅园附近。
看病流程是怎样的？,挂号→就诊→缴费→取药。
如何报销医疗费？,提交转诊单、发票、病历，按校医院通知时间地点报销。
如何保持规律的运动和锻炼，拥有一个健康的体魄？,制定每周运动计划，加入社团，约同学一起锻炼。
如何接触并参与大创项目？,关注学院通知，每年春季申报，联系导师组队写申请书。
学校有哪些知名的学科竞赛？,挑战杯、互联网 +、数学建模、结构设计大赛等。
一般何时开始报名和组队？,互联网 + 每年，数模 9 月，结构设计春季，赛前学院会通知。
如果想进入老师的实验室学习，应该怎么联系和申请？,发邮件附简历与成绩单，说明动机，也可请学长推荐。
老师会欢迎本科生吗？,绝大多数老师欢迎积极主动的本科生进实验室。
本专业未来的就业方向有哪些？,可在学院官网、就业中心、学长学姐处了解。
专业前景如何？,整体向好，具体视行业与个人能力而定。
应该从大一开始为就业 / 考研做准备吗？,可以开始，打好基础，保持高 GPA，参加竞赛与实践。
为就业 / 考研可以做哪些准备？,学好公共课与专业课，提升英语、证书、综合能力。
本专业的保研、考研情况如何？,保研率约 15%-25%，考研竞争因专业不同而异。
实习重要吗？,很重要，积累经验与人脉，对升学就业都有帮助。
应该从什么时候开始找实习？,大二暑假可尝试，大三开始集中找实习。
实习如何找？,通过学校就业网、实习 APP、企业官网、老师推荐寻找。
学校为本科生提供了哪些实习和就业指导服务？,提供职业测评、简历修改、模拟面试、实习招聘信息。
学校是否会组织实习双选会？,每年春秋季举办。
一般在大几开始实习比较合适？,大二暑假即可开始实习。
学校的就业信息网应该怎么用？,登录重庆大学毕业生就业信息网，查看宣讲会与招聘信息。
有哪些企业会常来重庆大学开宣讲会？,华为、长安、中建、中铁、各大银行等企业常来。
简历写作和面试技巧的培训，学校哪个部门负责？,由就业指导中心与各学院负责。
简历写作和面试技巧的培训什么时候可以参加？,关注重大就业公众号与学院通知，定期举办。
学长学姐推荐的各种卡、课程，怎么分辨哪些真的有用？,多方对比查评价，不盲从、不冲动，警惕推销。
周围有人已经在准备雅思、找实习了，可自己连专业以后能做什么都不清楚，要不要紧？,不要紧，每个人节奏不同，先探索兴趣再规划完全来得及。
大学四年，应该如何规划才能不虚度？,大一适应，大二定方向，大三实践，大四冲刺，兼顾学、社、健。
学校有哪些出国（境）交流访学的项目和机会？,有交换生、短期访学等项目，在国际处官网查看。
申请这些项目需要满足什么条件？,一般要求 GPA、语言成绩，部分项目需要面试。
在哪里找学校志愿活动报名？,在校青协、学院青协，通过志愿重庆、到梦空间 APP 报名。
有哪些积累志愿时长途径？,支教、社区服务、大型赛事、校内公益活动均可积累时长。
大学老师讲课节奏快、内容多，跟不上怎么办？知识点还没消化就翻页该怎么调整？,课前可以通过课件或网课预习；课中可以在记笔记时加入一些自己的理解，课后可以利用慕课等补充薄弱知识点
大学教的内容和高中差距大，听课像听天书，是不是大家刚开始都这样？,这是普遍现象！大学老师讲课更加侧重逻辑和应用，建议多和同学或助教交流，也可适当利用AI等线上资源
除了上课，该如何自学？有效率的学习方法有哪些？,可以尝试费曼学习法把知识讲给别人听；利用番茄工作法（25分钟专注+5分钟休息）；图书馆是绝佳学习场所
如何高效地做课堂笔记？电子笔记还是纸质笔记好？,理工科推荐电子笔记（OneNote/Notability）方便公式编辑和检索；文科可结合纸质笔记加深记忆。
没人督促，如何培养自律和自主学习的能力？,不用靠他人监督，每天固定 3 件核心任务；手机远离桌面，先学 10 分钟启动状态；坚持每日小量学习胜过临时突击。
看周围同学都在拼命学，自己还摸不清门道，学习第一步该怎么做？,别盲目跟风，第一步先吃透培养方案、绩点、考核规则；稳住不挂科，优先抓高数、英语、核心专业课。
大学的考核方式（平时分、论文、考试）是怎样的？如何拿到高分？,平时分抓出勤、作业、课堂印象；论文重结构、不抄袭；期末刷历年真题、背框架、练例题最有效。
各科的考试评分流程标准是什么？,各科考试评分流程标准：一般由平时成绩 + 期末成绩按比例合成；平时分看考勤、作业、小测、课堂表现，期末按卷面客观题机阅、主观题按点给分；最终成绩按学院统一标准录入教务系统，及格线多为 60 分。
什么是学分和绩点（GPA）？它们对评奖评优、保研有何影响？,学分是课程的毕业权重，修满才能毕业；绩点是成绩的量化排名，分数越高绩点越高。评奖评优看综测分，而绩点和学分基本上决定了综测分的高低，保研只看绩点
大一成绩对保研挺关键，期中考得不太理想，后面还有机会补救吗？,大一成绩对保研关键，但期中没考好完全能补救：保研看最终总评成绩，期中只占小部分；认真学完后半程、把期末考高，单科成绩就能拉回正常水平。
有些课感觉内容比较“水”，不听怕漏点名，听了又觉得耗时间，该怎么取舍？,水课取舍：点名严、平时分占比高就必须到，不点名、给分宽松可合理安排；课堂上可安静背单词、刷题、整理笔记，不违纪、不挂科前提下，把时间用在更有价值的事上。
如何培养独立思考和批判性思维能力？,不盲目接受结论，多问为什么、证据是什么、有没有其他可能；阅读时抓逻辑而非只记观点，遇到信息先查证来源；多和不同观点的人理性讨论，少被情绪和跟风带偏。
培养方案是什么？必修课、选修课、通识课有什么区别？,培养方案：是你大学四年必须修完的所有课程、学分、毕业要求总清单。必修课：必须修、必须过，挂科需重修，决定能否毕业。选修课：专业内自选课程，修够对应学分即可。通识课：全校公共选修课，按模块修读，用于拓宽知识面。
如何查询自己的培养方案？,在重庆大学，查询个人培养方案最常用、最准确的是智慧教务系统（网页 / 微信端），其次是教务处官网与学院教学办，以下是具体操作路径：网页端（电脑）打开浏览器，进入：https://my.cqu.edu.cn/enroll  用学号 + 统一身份认证密码登录进入后点击：培养计划 → 培养方案查看；选择入学年级、专业，即可查看完整方案（含课程、学分、学期安排）；2. 移动端（微信）关注公众号：重庆大学本科生院；点击右下角：智慧教务 → 登录；进入：培养计划 → 培养方案查看
选课系统的操作流程是怎样的？选课的模式是什么？,选课系统流程：登录重大智慧教务→进入志愿选课→按课程填 1-3 个志愿并勾选服从调剂→保存等待抽签→抽签结束后在补退选阶段调整余课，最终核对课表。选课模式：以志愿抽签为主，优先级为志愿顺序 > 课程类型 > 年级，同条件随机抽签；补退选为先到先得。
有什么选课策略或“抢课”技巧？选修课、体育课该怎么选？,选课策略：正选阶段多填志愿、服从调剂，优先保必修课；补退选准点蹲守、及时刷新捡漏余课。抢课技巧：提前问学长学姐老师给分、作业量、点名频率，避开坑课与严师。选修课：优先选高分好过、任务轻的课，兼顾绩点再谈兴趣。体育课：选擅长、易拿分、考核简单的项目，不选难度高、打分严的。
选课听了很多学长学姐的建议反而更乱，到底哪些课值得选？,选课听多建议反而乱：只按三个硬标准选，不纠结、不内耗。值得选的课：给分友好、任务量轻、不折腾人，优先保绩点，再看兴趣。必修课必须修；选修课选高分好过的；体育课选擅长易拿分的。少听玄学推荐，只信往届真实评分 + 作业强度，简单直接最稳妥。
怎么查各个老师的评分？,1.问直系学长学姐最准确，重点问给分、作业、点名。2.看重大评教系统与选课页面教师评分。3.搜校内表白墙、QQ 群、小程序口碑。
如果对专业不满意，转专业的流程、要求和难度是怎样的？重大转专业具体政策和流程是什么？,一、核心政策（一句话记）1.转出无门槛，转入看考核；在校仅 1 次机会，每年一次。二、基本要求（必须满足）1.资格：全日制本科，修满 1 学期，无违纪，未转过专业。2.禁止转出：强基计划、艺术类、中外合作、马克思主义理论等。3.转入门槛：各学院自定（GPA、笔试、面试、前置课等）。三、2026 年流程（时间节点）1.申请（2.22–3.1）：智慧教务 → 学籍异动 → 提交申请 + 纸质材料到转入学院。2.考核（3.1–3.5）：转入学院审核 + 笔试 / 面试，择优录取。3.公示（3.5 起）：本科生院公示 3 天，无异议则确认。4.报到：到转入学院报到、学分认证、选课。四、难度与成功率1.热门专业（计算机、电气、经管等）：竞争激烈，GPA≥3.5 + 笔试面试，录取率低。2.普通 / 冷门专业：申请人数少，GPA≥3.0 + 面试，成功率高。3.关键：GPA 越高越稳；提前准备目标专业的笔试 / 面试内容。五、快速行动清单1.查目标学院2026 转专业细则（官网 / 教务通知）。2.刷高GPA，确保无挂科。3.准备成绩单、获奖 / 实践材料。每年 2 月初关注本科生院通知，准时提交。
哪些专业有特殊的学制或培养模式？（如：建筑学五年制、中外合作办学项目等）,五年制专业：建筑学、城乡规划、风景园林、临床医学、中外合作电气 / 机械。中外合作项目：电气、机械、物理，双学位、学费高、部分有带薪实习。特殊培养：强基计划、卓越计划，准入严、转专业受限。
图书馆的馆藏资源、数据库和空间应该如何有效利用？,图书馆高效利用：纸质书按需借阅，用索书号快速查找；校园网免费使用知网、万方、外文期刊等数据库，校外用 VPN 访问。空间利用：提前线上预约自习座位，优先安静区域；小组讨论用研讨室，学习效率更高。
图书馆有几个？开放时间是？如何借书、预约自习座位？,1.图书馆：虎溪、A 区理工、B 区建筑、C 区人文社科，共 4 个主馆。2.开放时间：8:00–22:00，全年基本开放。3.借书：刷校园卡，自助机借还。4.预约座位：公众号重庆大学图书馆→智慧图书馆→预约座位。
图书馆的馆藏资源如何访问？电子数据库怎么用？,馆藏资源：图书馆官网 / 公众号检索，凭校园卡到馆借阅。电子数据库：校园网内直接使用；校外通过VPN/CARSI登录访问。
学校有哪些高质量的在线学习资源或数据库？,学术：知网、万方、Web of Science、Elsevier、IEEE、EI；课程：中国大学 MOOC、学堂在线、学习通；外语：新东方多媒体数据库；校外访问：VPN / CARSI
遇到学习难题，除了问同学，还可以向谁求助？（导师、助教、学长学姐、辅导员、任课老师？）,专业课难题：优先找任课老师、助教；科研 / 方向问题：找导师；经验 / 考试 / 选课：找学长学姐；心态 / 手续 / 适应：找辅导员
如果学习遇到困难，学校有哪些学业帮扶措施？（如：答疑中心、学长导师等）,课程答疑：任课老师 / 助教定期答疑；学院设答疑中心。朋辈帮扶：学长导师 / 朋辈小导师一对一辅导；“一站式” 社区学业分享会。学业指导：学业导师一对一计划；“一站式” 社区学业生涯指导。预警帮扶：学院分级预警，定制计划、学习小组、定期跟踪。图书馆支持：总服务台咨询；AI 门户文献 / 写作辅助；参考咨询（电话 / 邮件）。技能平台：中国大学 MOOC、学堂在线、学习通；图书馆数据库与 AI 工具。
学校是否举办关于学习方法的讲座，比如四六级备考经验分享？,重大有，而且挺频繁的！官方讲座：学校一站式学生社区和学业指导与发展中心常办四六级备考、学习方法分享，还有高数等学科辅导。活动形式：有线下讲座、线上直播，还有朋辈辅导一对一，覆盖不同需求。
怎么找学习搭子？,1.班级 / 专业群里喊一声，找同考四六级、考研的，一喊一个准。2.去图书馆、自习室，坐旁边几次，熟了就能搭。3.加重大学习打卡群、互助群，里面全是找搭子的。
大学英语四六级什么时候考？如何备考？,四六级一年两次，6 月和 12 月。重大报名：3 月中下旬（教务处通知为准）备考就刷真题，背单词、练听力。
如果想出国，托福、雅思、GRE应该从什么时候开始准备？,大一背单词，大二考雅思 / 托福，大三考GRE，大四申请。
英语分级考试是什么？影响什么？,重大英语分级考就是开学英语摸底：按成绩分1、2、3 级班，难度、进度不同3 级：最快，大一下就能考四级，平时分最高2 级：正常进度1 级：学得慢一点，考四级晚一学期。只影响英语课安排和四级时间，不影响绩点、评奖、毕业。
大学期间有哪些值得考的、对未来有帮助的证书？（如：计算机等级、普通话、教师资格证等）,四六级必考，保研、就业、考研都看。计算机二级很多单位基础要求，好过、有用。普通话证书想考教资、公考、教师、国企都要。教师资格证想当老师、进体制、留后路必拿。驾驶证大学时间最足，越早考完越省心。专业相关证书财会：初会工科：CAD、BIM 等语言类：专四专八、雅思托福一句话总结：先拿四六级、计算机二级、普通话，再看专业和方向。
宿舍是几人间？床铺尺寸多大？是“上床下桌”吗？,重庆大学本科生宿舍（虎溪、A/B/C 区）统一为4 人间，上床下桌标准布局。核心参数人数：4 人 / 间。床铺尺寸：1.9m × 0.9m（约 190×90cm）。布局：上床下桌 + 独立衣柜 + 储物柜。配套：空调、独立卫浴、阳台、饮水机、热水器、网络接口。费用：1200 元 / 年
宿舍内是否有独立卫浴、阳台、空调、热水器？,所有校区（含虎溪、A/B/C 区）的本科生宿舍均配备独立卫浴、阳台、空调、热水器，生活设施齐全。
宿舍楼的公共设施有哪些？（如：洗衣房、每层楼的自习室、活动中心等）,一句话总结：每层有自习室、饮水机、微波炉；每栋有洗衣房、宿管、电梯；舍区有书屋、书院、活动中心、便利店。
宿舍的门禁时间是几点？晚归了怎么办？,一句话记：工作日 23:30、周末 24:00 关门；晚归要登记，提前报备最省心。
如何缴纳水电费？网络如何办理和开通？,水电费在 重大后勤 / 重大虎溪 公众号就能缴，填寝室号即可。校园网：用 今日校园 或 i 重大 开通，账号：学号，密码：身份证后 6 位，连 CQU-WiFi 或插网线认证上网
宿舍用电有哪些限制？（例如：能否使用大功率电器？）,一句话记：电脑手机随便用，加热电器全禁用，私拉乱接更不行。
饮用水是使用饮水机供应，还是需前往水房取用？如何购买桶装水？,1.饮用水供应，每个寝室标配饮水机（虎溪 / 老校区均有），无集中水房。2.饮水机仅作桶装水取水用，不可加热（宿舍禁用大功率加热电器）。3.桶装水购买（校内配送）方式：拨打饮水机上贴的校内送水电话，报楼栋 + 寝室号下单。时效：18:00 前下单当日送，18:00 后次日送。费用：约15–20 元 / 桶，送水上门。
学校的食堂、澡堂、校医院、体育馆、快递点都在哪里？开放时间是什么？,虎溪校区🍽️ 食堂：一食堂、二食堂、三食堂、松园 / 兰园 / 竹园食堂，7:00–22:00🛁 澡堂：松园、兰园、竹园宿舍区，15:00–23:00🏥 校医院：松园附近，8:30–12:00，13:30–17:00，有急诊值班🏟️ 体育馆：松园运动场旁，9:00–22:00📦 快递点：竹园快递服务站、梅四楼下邮政，9:00–18:00。A 区🍽️ 食堂：一、三、四、五食堂、新华园、柏树林，7:00–21:00🛁 澡堂：各宿舍区附近，15:00–23:00🏥 校医院：校园内，8:00–12:00，14:30–17:30，有值班🏟️ 体育馆：A 区运动场旁，9:00–22:00📦 快递点：中门右转菜鸟 / 邮政、一食堂旁顺丰，9:00–18:00。B 区🍽️ 食堂：二食堂、新苑风味、锦康、大西北，7:00–21:00🛁 澡堂：宿舍区附近，15:00–23:00🏥 校医院：校园内，时间同 A 区🏟️ 体育馆：B 区运动场，9:00–22:00📦 快递点：西南门外菜鸟、二食堂旁物流中心，9:00–18:00C 区🍽️ 食堂：八食堂，7:00–21:00🛁 澡堂：宿舍区附近，15:00–23:00🏥 校医院：北面近运动场，8:00–12:00，14:30–17:30🏟️ 体育馆 / 运动场：西北面，9:00–22:00📦 快递点：东北门旁，9:00–20:00
学校的A、B、C区和虎溪校区各有什么特点和主要学院分布？,虎溪校区（大学城）定位：现代化新校区，本科新生大本营（多数大一 / 大二），环境开阔、设施新。主要学院：艺术学院、新闻学院、外国语学院、大数据与软件学院、数学与统计学院、物理学院、化学化工学院、生命科学学院、体育学院、光电工程学院、微电子与通信工程学院、计算机学院、自动化学院、机械 / 电气 / 能源 / 资安等学院本科。🎓 A 区（沙坪坝核心）定位：行政与历史核心，老建筑底蕴深厚，高年级本科 + 研究生主阵地。主要学院：机械与运载工程学院、电气工程学院、能源与动力工程学院、资源与安全学院、航空航天学院、经济与工商管理学院、公共管理学院、马克思主义学院、美视电影学院、博雅学院、生物工程学院。🏗️ B 区（沙坪坝紧邻 A 区）定位：建筑学部核心，原建筑大学，建筑 / 土木 / 材料强势学科区。主要学院：建筑城规学院、土木工程学院、环境与生态学院、材料科学与工程学院、管理科学与房地产学院、法学院。🏥 C 区（沙坪坝）定位：医学与继续教育专属区，规模较小，功能聚焦。主要学院：医学院、继续教育与高端培训基地。需要我把四大校区的学院分布做成一页式速览，方便你快速保存吗？
校园内有哪些超市、书店、银行网点？,虎溪校区• 超市：兰园七彩超市、坤冠超市、二食堂内冠泓超市、竹园 / 松园便利店• 书店：虎溪图书馆旁重大书店、竹园 / 兰园教辅书店• 银行：松园建行 ATM、兰园农行 ATM、竹园工行 ATM；校外近农行重大支行🎓 A 区• 超市：6 舍楼下校园超市、后门惠宇超市、松林坡人道美超市、中门鲜果超市• 书店：主教学楼旁重大书店、图书馆内书店• 银行：正门旁重庆银行 / 建行 / 工行、校内多处 ATM；正门对面农行重大支行🏗️ B 区• 超市：二食堂旁超市、宿舍区便利店、西南门外超市• 书店：建筑馆旁专业书店、校内教辅店• 银行：校门口农行重大支行、建行 / 工行 ATM；周边交行 / 重庆银行🏥 C 区• 超市：宿舍区便利店、食堂旁小超市• 书店：医学院教辅书店、校内小型书店• 银行：校内 ATM；近三峡广场各大银行网点
各个校区都有哪些食堂？各自的特色美食是什么？,虎溪校区一食堂：网红食堂，小吃多二食堂：锅贴、煎饼、夜宵三食堂：大盘鸡、水煮肉片松 / 兰 / 竹园食堂：基础餐、方便快捷A 区一食堂：猪脚饭、麻辣烫三食堂：瓦香鸡、米线四 / 五食堂：家常菜、性价比高新华园：川菜、味道稳B 区二食堂：叉烧饭、干锅新苑风味：甜皮鸭、大盘鸡锦康：西北面食、清真C 区八食堂：基础餐、重庆小面
学校的体育设施（体育馆、球场、游泳馆）如何预约使用？,体育设施预约：今日校园 / 重大虎溪公众号室内场馆（羽毛球、篮球、健身、游泳）需预约室外球场免预约，直接用凭校园卡入场、付费
虎溪校区的“云湖”和“缙湖”可以钓鱼吗？校园里有哪些适合散步、跑步的路线？,一、云湖、缙湖可以钓鱼吗？不可以。校园内云湖、缙湖为景观湖，禁止任何个人垂钓。仅学校组织的生态捕捞活动（如捕鱼节）时开放，日常严禁钓鱼。二、散步 / 跑步路线（虎溪校区）1. 环湖休闲（散步首选）
校园卡丢了怎么办？如何充值、挂失？补办流程复杂吗？,一、挂失（立即做）线上：重大财小通公众号 → 校园一卡通 → 挂失线下：松园六栋一卡通点 / 综合楼自助机 → 挂失二、充值线上：重大财小通、农行 APP、一卡通网站线下：自助机扫码 / 现金、松园六栋前台现金三、补办（不复杂）先挂失带身份证去：松园六栋一卡通点（人工）综合楼自助机（自助）工本费20 元（卡内扣 / 现金）新卡立取，余额自动转入四、虎溪服务点松园六栋：周一至周五 8:30-12:00，13:30-16:30综合楼：自助机 24 小时可用
校园卡是否可以用于乘坐重庆市公共交通？,普通校园卡不能，需办理畅通校园卡才可刷重庆公交 / 地铁。核心要点卡片类型：普通校园卡仅限校内消费；畅通校园卡（一卡通 + 畅通卡功能）可用于重庆公交、轨道交通，享 9 折与换乘优惠。账户独立：校内消费与交通费用分开充值、互不互通。余额规则：补卡时，校内余额可转移，交通余额不保留。办理 / 充值：可在校园卡服务点咨询办理；交通钱包可通过渝通行 APP等渠道充值。
连接各大校区的“小蓝”校际大巴车的时刻表和经停点在哪？,一、小蓝校际大巴（虎溪 ↔ 沙坪坝）票价：6 元 / 人，校园卡 / 微信支付乘车点虎溪：虎溪校园乘车站（东门附近）沙坪坝：A 区钟塔、B 区主席像、C 区大门经停路线（虎溪→沙坪坝）虎溪花园南 / 北 → 理科楼（部分班次）→ 虎溪校区 → C 区大门 → B 区主席像 → A 区钟塔 → A 区后门工作日时刻表（参考）虎溪→沙坪坝：7:20、8:20、9:10、10:30、11:30、13:30、14:30、15:30、16:30、17:30沙坪坝→虎溪：7:10、8:10、9:10、10:20、11:20、13:20、14:20、15:20、16:20、17:20周末 / 节假日：班次减少，以 “重大虎溪” 公众号最新通知为准二、沙坪坝校区内穿梭巴士（小绿）票价：1.5 元 / 人路线：A 区高知楼 ↔ A 区钟塔 ↔ B 区主席像 ↔ B 区后门 ↔ C 区大门查询：微信小程序 “车来了” 搜 D260 看实时位置
虎溪校区内的“小白”电瓶车如何乘坐？,虎溪 “小白” 电瓶车是校内最方便的代步工具，招手即停、1 元 / 次，覆盖主要教学楼、宿舍、食堂与校门。一、票价与支付票价：1 元 / 次支付：校园卡刷卡 / 微信 / 支付宝扫码二、乘坐方式招手即停：在路边看到小白，挥手示意即可上车下车：到站前提前说 “师傅，刹一脚 / 停一下”，司机就近停靠无固定站牌，但主要路口 / 建筑旁都可上下车三、主要路线与站点（环线）核心环线：东门（体育中心）→ 一教 → 图书馆 → 二教 → 三食堂 → 松园 → 竹园 → 梅园 → 缙湖 → 理科楼 → 综合楼 → 北门 → 东门覆盖：宿舍区（松 / 竹 / 梅 / 兰）、教学楼（一 / 二 / 三教、理科楼）、图书馆、食堂、校门、缙湖四、运营时间工作日：7:00–22:00（高峰密集，平峰约 5–10 分钟一班）周末 / 节假日：8:00–21:00，班次略少五、实用提示小白不进宿舍区内部，在宿舍区门口停靠高峰期（上下课）人多，可错峰出行可在重大虎溪公众号查看实时运营与临时调整
学校附近有哪些地铁站和公交枢纽？, 最近地铁站（必选）大学城站（地铁 1 号线）：距离校区最近，步行约 10-15 分钟。出站后可换乘公交直达校园，或直接打车 、骑行约 5 分钟。尖顶坡站（地铁 1 号线）：距离校区稍远，步行约 20 分钟，同样适合短途出行。🚌 核心公交枢纽与站点大学城美院站：距离校区东门最近，步行仅 1-3 分钟。途经线路：277 路（直达重庆西站）、498 路、T112 路。虎溪 / 大学城一中站：覆盖校区南门区域，步行约 5-10 分钟。途经线路：271 路、272 路、264 路、1492 路。大学城西部客运站：周边主要公交集散地，可换乘多条线路前往璧山方向。📍 沙坪坝校区（A/B/C 区）重庆大学站（轨道交通环线）：直达校区门口，最推荐。沙中路站：公交501 路、504 路可达，步行 3 分钟入校。
从家到学校，最推荐的交通路线是什么？（火车、飞机、汽车？到站后如何到校？）,中短途：高铁→重庆北站 / 西站→地铁 / 公交→虎溪（最快最省）。长途：飞机→地铁→虎溪。开学季：重庆北站 / 西站有迎新大巴，直接到校，优先坐
如何合理规划一个月的生活费？室友经常约饭买潮牌，如何做到不跟风？,最简单的执行方法（直接照做）生活费一到，先存 20%，剩下的再花。吃饭只在食堂，少点外卖。每月只聚餐 1–2 次，多了就推。买东西前停 24 小时，90% 都会不想买了。
学校内外有哪些性价比高的美食？校内外有哪些物美价廉的餐饮选择？,虎溪性价比美食（极简总结）校内食堂（首选）：一 / 二 / 三食堂、松 / 兰 / 竹园食堂，6–15 元，干净便宜、选择多。校外平价：熙街、虎溪花园，10–30 元，麻辣烫、鸡公煲、干锅、小吃为主。省钱原则：日常吃食堂，偶尔改善去校外，月餐费 900 元内足够。
食堂吃来吃去就那几样，点外卖开销又大，该怎么解决日常就餐问题？,食堂吃腻 = 换窗口 + 换调料，不是换地方。外卖 = 偶尔奖励，不是日常。想省钱又吃得好：以食堂为主，少量改善。
能否推荐一些学校周边性价比高、适合同学聚餐的“江湖菜”馆子？,虎溪周边性价比江湖菜 / 聚餐馆子极简总结：瑞记江湖菜：正宗重庆江湖菜，人均 55–65，虎溪花园附近。阿嫂印象：锅气足，适合宿舍小聚，人均 50–60。打火兄弟：大排档氛围，烤鱼 + 烤串，人均 45–55。遇疆兰：新疆风味大盘鸡，分量大，人均 50–60。宋氏鸡公煲：学生党性价比天花板，人均 25–35
在重庆吃火锅，有哪些需要知道的“潜规则”？（比如：油碟怎么打？）,一、油碟怎么打？（最关键）标准重庆油碟：香油 → 满小半碗蒜泥 → 多放盐 + 味精 / 鸡精 → 少许醋 → 一点点（可选）香菜、葱花 → 随意千万不要：加芝麻酱、花生酱、豆腐乳（那是北方 / 外地吃法）加大量蚝油、海鲜酱二、锅底潜规则重庆默认微辣就很辣，不能吃辣直接点微微辣 / 鸳鸯锅别问老板 “能不能不辣”，会被笑锅底越煮越辣，越煮越香三、点菜潜规则不点多，先点一半，不够再加必点：毛肚、鸭肠、黄喉、嫩牛肉、耗儿鱼、鸭血、贡菜、豆芽素菜最后下，吸油四、烫菜时间口诀毛肚、鸭肠：七上八下（10 秒左右）黄喉：20 秒嫩牛肉：30 秒鸭血、脑花：全程煮煮老了就不好吃了五、行为潜规则不要用自己筷子去锅里乱翻不要把吃过的东西再丢回锅里加汤、喊服务员直接喊：“小妹 / 帅哥，加汤！”吃完一般不用洗碗、不用擦桌子六、省钱潜规则重庆火锅油碟、米饭、纸巾大多免费饮料点唯怡豆奶最搭、最本地本地人不去网红店，去社区老火锅，便宜又正宗
洗衣、打扫卫生等内务如何安排？如何与室友协商公共区域卫生？,个人内务：固定时间做，1 分钟就能搞定。公共卫生：轮流值日，提前说好，谁弄脏谁收拾。目标不是完美，是不吵架、不尴尬、住得舒服 **。
重庆是著名的“火炉”，夏天需要自备小风扇吗？,来重庆上大学，小风扇不是可选，是必备。不带，夏天你会天天后悔。
“雾都”重庆冬天湿冷，需要准备羽绒服还是大衣？宿舍需要除湿袋吗？,一、冬天穿什么？羽绒服 > 大衣，必须羽绒服！重庆是湿冷魔法攻击，风大、刺骨、透心凉。大衣好看但不抗冻，室外走 10 分钟就透。长款厚羽绒服才是保命神器。内搭：保暖内衣 / 毛衣 + 羽绒服 就够。穿衣总结：大衣可以有，但羽绒服一定要有。二、宿舍要不要除湿袋？必须要！而且要多备！重庆冬天多雨、多雾、巨潮湿。衣服晾一周不干，还发臭。墙壁、衣柜、被子都会返潮。必备物品：除湿袋 / 除湿盒：挂衣柜、放床下。干燥剂：放书包、电子产品旁。有条件可以备个小型除湿机（宿舍可用）
重庆话听起来像“外语”，沟通有障碍怎么办？学校会教吗？,一句话总结：学校全讲普通话，沟通无障碍；重庆话不难懂，听几天就会；不会说完全不影响生活，放心来！
重庆这种多雨、潮湿的天气里，衣服不容易干怎么办？,重庆衣服不干 = 靠风 + 靠风扇 + 靠除湿。不用大烘干机，小工具 + 好习惯就够。
周末想去市区（如解放碑、洪崖洞）或周边（如磁器口、武隆）玩，交通和花费大概是多少？,如解放碑、洪崖洞地铁可达，花费视项目而定，建议提前规划。
学校周边有哪些大型购物中心或商业街？,如沙坪坝商圈、大学城熙街等。
除了室友，该如何认识新朋友，扩大自己的社交圈？,参加社团、志愿活动、讲座、兴趣小组等。
如何与来自天南海北、习惯各异的室友和睦相处？,尊重差异，主动沟通，建立共同规则。
和室友作息时间、生活习惯冲突怎么办？（如晚睡、打游戏、外放声音）舍友晚上玩游戏声音大，休息受影响，又不想把关系搞僵，有什么好办法？,建议制定宿舍公约，使用耳塞眼罩，必要时请辅导员协调。
怎样与舍友和谐相处？若发生矛盾，有哪些求助途径？,先沟通，若无效可找宿管、辅导员或心理中心调解。
如何与班级同学、学长学姐、老师进行有效沟通？,主动打招呼，礼貌提问，表达感谢，保持联系。
和辅导员接触不多，遇到问题不太确定该找谁问？,可先查官网，或问班长、导生，辅导员也欢迎学生主动联系
校园里常看到“捞人”帖，想认识人又怕只是随便聊聊，该怎么自然地开始一段关系？,从共同兴趣入手，点赞评论，私信问候，真诚最重要。
怎么找男女朋友？,多参加活动，提升自己，顺其自然，别强求。
大学里的恋爱是怎样的？大学里的恋爱关系和处理方式与高中有什么不同？如何处理感情问题？,更成熟、更自由，但也要学会处理感情与学业、生活的平衡。
社团和学生组织那么多，应该如何选择？参加几个合适？,根据兴趣、时间、未来发展选择，建议1-2个为主。
学校有哪些知名的社团和学生组织？何时可以加入？（“百团大战”）,如学生会、青协、艺术团、辩论队等，通常在“百团大战”期间招新。
加入社团能获得什么？如果发现不适合，如何优雅地退出？,可提升能力、交朋友。退出时礼貌说明原因即可。
在社团/学生组织中，如何从一个小透明成长为骨干？,主动承担任务，积极沟通，展现责任心。
学生会、校团委进哪个好？,看兴趣，学生会偏活动组织，团委偏思想引领和事务管理。
参加社团和学生工作会不会影响学习？如何平衡？,会占用时间，需合理安排，学会取舍。
社团活动一个接一个，作业都来不及写，该怎么平衡时间？,制定优先级，合理规划，必要时减少参与。
想尝试班委竞选，可一想到要上台就紧张，也怕选不上丢面子，怎么鼓起勇气？,紧张正常，提前准备讲稿，真诚表达，结果不重要。
当班委有什么好处？,锻炼组织能力，增强与老师同学的联系，评优时有加分。
如何平衡学习、社团活动、娱乐和休息的时间？,使用时间管理工具，设定优先级，留出缓冲时间。
感觉时间很零碎，如何利用好碎片化时间？,可背单词、听讲座、整理笔记、看短视频学习。
总是拖延，任务堆到最后一刻，怎么办？,分解任务，设定小目标，使用番茄钟法，避免完美主义。
如果感觉时间管理混乱，总是“摸鱼”，有什么好的方法或工具推荐？,制定每日计划，按优先级排序（如使用“四象限法则”），采用“番茄工作法”（25分钟专注+5分钟休息），设定明确目标，分解任务，避免空泛。工具：手机APP：Todoist、Microsoft To Do、Forest（专注森林）、番茄ToDo。电脑插件：StayFocusd（限制 distracting 网站）。手帐本：记录每日完成事项，培养成就感。
每天好像做了不少事，但回想起来又觉得空落落的，该如何调整？,每天留出时间复盘，记录“今天最有价值的一件事”，设定长期目标（学期/学年），拆解到每日行动，多参与有深度、能带来成长的活动（如读书、技能学习），减少被动刷手机。
来到新环境，感到孤独、想家，情绪低落怎么办？有时候特别想家，又不想让爸妈担心，该如何缓解？,通过视频电话与家人联系，分享校园生活，主动结识新朋友，参加社团或班级活动，记录心情日记，或向信任的学长学姐倾诉，如果情绪持续低落，可预约学校心理咨询中心。
周围同学都很优秀，感到自卑和焦虑，如何调整心态？感觉身边的同学都很优秀，自己很平庸，很有压力怎么办？,关注自身进步，每天记录一件“我今天做得不错的事”，向优秀同学请教学习方法，转化为动力，接受“不完美”，大学是探索和成长的过程。
大学好像没有想象中那么美好，有落差感，如何应对？,主动寻找校园中的小确幸（如社团、兴趣小组），设定短期可实现的目标，逐步找回掌控感，与学长学姐交流，了解真实的大学经验。
感觉迷茫，失去了目标，找不到努力的方向怎么办？,多尝试不同领域的课程、讲座、活动，发现兴趣，与辅导员、专业老师或职业规划师交流，阅读人物传记或职业规划书籍，拓宽视野。
学校的心理健康咨询中心在哪里？如何预约？如果感到心理不适，该如何寻求帮助？,地址：A区：学生宿舍7栋旁；虎溪校区：梅园五栋楼下，预约方式：电话预约（A区：65106034；虎溪：65678087）或现场预约，也可以通过“重大心理健康”微信公众号在线预约，心理不适时，可先与辅导员沟通，或直接联系咨询中心，所有咨询保密。
辅导员和班导有什么区别？他们分别负责什么？,辅导员：学校专职老师，负责学生思想教育、日常管理、奖助贷、心理辅导等，是大学期间最重要的联系人，班导（班导师/班主任）：通常由专业教师或学长学姐担任，侧重学业指导、专业发展、科研引导等。
学校的奖惩制度是怎样的？（如奖学金、助学金、违纪处分等）,奖励：包括奖学金（国家、校级、院级）、荣誉称号（三好学生、优秀干部等）、竞赛奖励等，惩处：根据违纪程度，有警告、严重警告、记过、留校察看、开除学籍等，如考试作弊、打架斗殴等。
如何申请奖学金、助学金？条件和流程是什么？如何申请国家助学贷款？,奖学金：一般根据学习成绩、综合测评排名申请，关注学院通知，填写申请表并提交证明材料，助学金：需家庭经济困难认定，提交相关证明，通过“学工系统”申请，国家助学贷款：每年秋季学期申请，通过“国家开发银行”或“生源地信用助学贷款”渠道，具体咨询辅导员或学生资助管理中心。
学校提供了哪些勤工助学的岗位？,校内岗位：图书馆助理、实验室助理、行政助理、食堂勤工岗、辅导员助理等，校外：家教、兼职等，但需注意安全。可关注“重大学生资助”或各学院通知。
请假的具体流程是什么？,向辅导员说明情况，填写请假条（学院官网或学工系统下载），根据请假天数，由辅导员、学院副书记或教务处审批，请假条交班长备案，返校后及时销假，病假需附医院证明。
军训的评优要求是什么？,一般包括：出勤率、训练表现、内务整理、团队协作等。表现突出者可获“优秀学员”称号，具体由教官和指导员评定。
校园跑的要求是什么？,重庆大学通常每学期有校园跑要求（如男生80公里，女生60公里），通过“运动世界校园”APP记录，需在规定时间内完成。
体测800米很久没练了，担心不及格该怎么办？,提前几周开始训练：每周跑2-3次，逐步增加距离和速度，注意跑前热身和跑后拉伸，调整呼吸节奏，如果身体不适，可申请缓测或免测（需医院证明）。
学校安排的一些活动，像晨练、线上学习，能不能稍微放松点完成？,建议认真对待，这些活动计入综合素质评价，影响评奖评优。如果有困难，可与辅导员沟通，寻求变通方式。
新生入学体检的具体时间、地点和流程是怎样的？,一般在开学初由校医院组织，具体时间地点以学院通知为准。流程：领表→各科室检查→交表。需空腹抽血，带校园卡。
重大晨曦计划是什么？,重庆大学“晨曦计划”是面向新生的早起晨读、晨练活动，旨在培养良好作息习惯，部分学院有学分或综测奖励。
重大的入党流程是什么？,流程：提交入党申请书→团组织推优→入党积极分子培养考察→发展对象→预备党员→转正。一般需2-3年，具体可咨询学院党支部。
校园内有哪些需要注意的安全事项？（如防盗、防诈骗）,防盗：宿舍随手锁门，贵重物品不外露，防诈骗：不轻信陌生电话、短信，不转账，不透露个人信息，交通安全：校内骑行注意避让行人，夜间尽量结伴。
被诈骗了怎么办？,立即拨打校园报警电话，同时保存证据（聊天记录、转账凭证），联系辅导员，必要时报警。
校园报警点和报警电话是多少？,A区保卫处：65102110，B区保卫处：65120110，C区保卫处：65118110，虎溪校区：65678110，紧急情况也可拨打110。
学校近期是否组织了新生安全教育讲座？主要内容是什么？,通常在开学初由保卫处组织，内容涵盖防诈骗、消防安全、交通安全等，具体关注学院通知。
生病了如何去校医院或校外医院看病？医保怎么用？,校医院：直接持校园卡挂号就诊，医保结算时享受优惠，校外医院：需先在校医院开具转诊单（急诊除外），保留发票，按规定报销。医保卡在入学后统一办理。
校医院在哪里？看病流程是怎样的？如何报销医疗费？,A区：松林坡；B区：学生宿舍区；虎溪：梅园附近。流程：挂号→就诊→缴费→取药。报销需提交转诊单、发票、病历等，具体时间地点见校医院通知。
如何保持规律的运动和锻炼，拥有一个健康的体魄？,制定每周运动计划（如跑步、打球、游泳），加入体育社团，约同学一起锻炼，利用校园设施：操场、健身房、游泳馆等。
如何接触并参与“大学生创新创业训练计划”（大创项目）？,关注学院或教务处通知，每年春季学期申报。可联系导师组队，提交项目申请书。也可加入学长学姐的团队。
学校有哪些知名的学科竞赛（如“挑战杯”、数学建模、结构设计等）？一般何时开始报名和组队？,如“挑战杯”（课外学术科技作品竞赛，偶数年）、互联网+（每年）、数学建模（每年9月）、结构设计大赛（春季）等。报名前学院会宣传，可提前组队。
如果想进入老师的实验室学习，应该怎么联系和申请？老师会欢迎本科生吗？,主动发邮件给感兴趣的老师，附上简历和成绩单，说明动机。多数老师欢迎积极主动的本科生。也可通过学长推荐。
本专业未来的就业方向有哪些？前景如何？,可通过学院官网、就业指导中心了解，咨询学长学姐或老师，也可参加行业讲座。
应该从大一开始为就业/考研做准备吗？可以做哪些准备？,建议：打好专业基础，保持较高GPA；参加社团、竞赛，提升综合能力；探索兴趣方向。考研可提前了解目标院校。
本专业的保研、考研情况如何？,可咨询辅导员或查看学院历年数据，一般保研率约15%-25%，考研竞争因专业而异。
“实习”重要吗？应该从什么时候开始找实习？如何找？,很重要，积累经验和人脉。一般大二暑假可开始尝试，大三集中找。途径：学校就业网、实习APP、企业官网、老师推荐。
学校为本科生提供了哪些实习和就业指导服务？,就业指导中心提供职业测评、简历修改、模拟面试、实习信息发布等。各学院也有就业专员。
学校是否会组织实习双选会？一般在大几开始实习比较合适？,每年春秋季有大型双选会，也有专场招聘。实习可从大二暑假开始，大三更集中。
学校的就业信息网应该怎么用？有哪些企业会常来重庆大学开宣讲会？,登录“重庆大学毕业生就业信息网”，可查看宣讲会、招聘信息。常来的企业有华为、长安、中建、中铁、各大银行等。
简历写作和面试技巧的培训，学校哪个部门负责？什么时候可以参加？,就业指导中心和各学院会定期举办，关注“重大就业”公众号或学院通知。
学长学姐推荐的各种卡、课程，怎么分辨哪些真的有用？,多方对比，不盲从。先了解自己的需求，查评价，试用免费资源。警惕推销话术。
周围有人已经在准备雅思、找实习了，可自己连专业以后能做什么都不清楚，要不要紧？,不要慌，每个人的节奏不同。先探索兴趣，再规划未来。大学是自我发现的过程。
大学四年，应该如何规划才能不虚度？,大一适应探索，大二锁定方向，大三深化实践，大四冲刺未来。兼顾学业、社交、健康，多尝试、多反思。
学校有哪些出国（境）交流访学的项目和机会？申请这些项目需要满足什么条件？,国际合作与交流处官网有项目列表，如交换生、短期访学等。一般要求GPA、语言成绩，部分需面试。
在哪里找学校志愿活动报名？有哪些积累志愿时长途径？,关注“重庆大学青年志愿者协会”或各学院青协，通过“志愿重庆”或“到梦空间”APP报名。活动包括支教、社区服务、大型赛事等。
